Quantity,Part Number,Customer Reference
3,311-1161-1-ND,C1
3,311-1163-1-ND,C2
10,1276-3093-1-ND,C3/C5/C16
2,1276-3376-1-ND,C7
10,1276-1017-1-ND,C8/C10/C11/C17
3,587-2484-1-ND,C9
3,490-1864-1-ND,C12/C13
2,UVR1C471MPDDCT-ND,C14/C15
1,P11196-ND,C18
2,6473-NRJ4HF-ND,J1/J2
1,609-3500-ND,J3
1,609-3248-ND,J4
1,CP1-3535NG-ND,J5
2,S7053-ND,J6/J7
1,785-1001-1-ND,Q1
10,311-1.00KFRCT-ND,R1
10,311-3.30KFRCT-ND,R2
10,311-100FRCT-ND,R3/R13/R14
10,311-100KFRCT-ND,R4
10,311-10.0MFRCT-ND,R5
10,311-1.00MFRCT-ND,R6
10,311-10.0KFRCT-ND,R7/R8
10,311-20.0KFRCT-ND,R9/R10/R11/R12
10,311-4.70FRCT-ND,R15/R16
1,PTV09A-4020F-B105-ND,RV1
2,PTV09A-4020F-B103-ND,RV2/RV3
1,296-47857-1-ND,U1
1,296-10846-1-ND,U2
